id	importance
#q2:types	numeric
a56d15635773168f717b58ac12659ac7	0.0494529103848928
917bf43766267544e6b9e4f0cb53d352	0.0358627030506961
f2b01299fad3eea979fdb454a415a421	0.0216840699312029
59aa511daffd4c6d7f0ed449ef22ef10	0.0209811767264595
f25520b01672f7078b46aab7a324e812	0.0206506876238206
be00a4cd694c74faff9df04e1320be62	0.0188124364936999
00d0d134bd1cfef88bda7531cfa172db	0.0157766254563132
1cc4880f861c6fd9a54c03fe78a879f0	0.0141141514373533
93d9d8a61cf3bf71f8fee0c5ab349ab7	0.0140137712414428
780ea4c88f9df568555a4f37755ad53c	0.012521769718625
91ea1160024e33c37a77f9bbebddfe21	0.0118050468131752
4b6c4e452d90bf44dbe75d370216ce5d	0.0110022445201488
19f6e297fdeadab67239595952fb0f51	0.0100341076019398
f7b8aebac73f68b0e5152f59f29f775a	0.00949084398534747
03db16128ba2f624dc9cacc83093af1f	0.00938743043698337
fd5556e3fa9d32e93128df97e87ee255	0.00927042407555551
6a7d76190be2fbd3667fa2e62e5a83e3	0.00922472197776231
a1ea1fe0ac3e8ea2a87decddb7ce09da	0.00907027024059678
5aa3fb8793c91b10c99503deb224b9fe	0.00896589165409779
2ccb84e9f2e62896d39c21e5620df717	0.00834258123099609
8891a14f52f61c97e2330242226b18e5	0.00821296703948768
dea04ac7d870ba81d087a715b2af6c6c	0.00818951134411673
bce3a5544ffd89fe1c70067d30ab6425	0.00784159955370514
656b5d6f0241ea594e7ca4a4dcac1bb3	0.00756184670010906
94b7d3540e21ce08461e329a894e6478	0.00754878477031648
bf164f4d5297933e553edc72926f1e93	0.00751995098740387
7e22ce432c2f6667ef82a68b2778a8cd	0.00745741385877981
94f4aa0234f2a631d8c6b5710b8133a4	0.00737918315549511
2145497200c8cbe91ef739dac907b4c5	0.00697668514611905
6969f59fe6afa816a42f680a2303511d	0.0068801487918564
684677a3a9010af906171e6256e59928	0.00683831402589492
0ce3116ec7b402edd0072952dce81d42	0.00657590090910584
efeaca2ca16ea6b63e4218a735cbe5be	0.00652883935855145
9d402b2b7c80bd1dd38c3c8add039f46	0.00610224827174295
d54269a36dc06414215e6762a8e2b0df	0.00599456167948827
25d6560bc314289201040c0e43cad50f	0.00581675668207895
e669b23340ff668685d0c739f93ec3a6	0.00564352985101902
ac1a73d3d7285de8e11287b110077a5e	0.00544047249465772
b336d56e256fb3531bdc6b382bae7201	0.00543464894477033
fe7c9ff8db2b1d0c9bd60baab585673e	0.00540241044031061
051fae604e66f6e79bc7ee59b571964f	0.00534694888521692
c2e1058b843fd164657f5f719825aa72	0.00530368508746778
843f57fca289aaf3ca0196d55b239c20	0.00518237698045121
cfb0bf7e50130f8ba5112d288cfc61d7	0.00514365125139759
2ceb69330a0e2c52c9b21931926bb214	0.00514247322225609
ec1f1ee42a422cfea343078a378740d2	0.00512486614920635
0ccad26a92803d1e883cc086aaf42df5	0.00506428442675099
d4f31ae4a73de86588d9b493c88adc35	0.00496745811765748
f99d3b8c3729493f34aea0195d6399ff	0.00482452407568817
a9b2ffed749e00784089ede7d721146a	0.00461234038644433
3c803a4618933a840d9ea217e751318c	0.00445788580286531
9f5853f0cb0fdfdc25d045c240e9375e	0.00439835953560996
dfc37847b065c6009f58c108b25cca48	0.00437897727475166
d0ce24bd130a78cae354d0fbfd028617	0.00393331239342764
9e5a57c957cb50d7631fefeeffdd16c7	0.00392776172016031
a5125ce88b161212f50f8b541beb8d5c	0.00392165651844639
5ec4bdf040ae445217793d752c9e1f3e	0.00380177566605121
78efb58ad38df6801be8cbe8fe232852	0.00376802605450917
12043c71680d5d3a24e30ecfab16b20f	0.00374946727563409
d2d3cdc2388c61a52ef0f13e7d0bfdde	0.00374244098324646
51dc82cdb6d286970eca5d2cb1db8713	0.0036250245414333
e9c95626ae1890367eb66f99486e15ea	0.00356439034336574
abeca8fb90a19dbde0d5b7105e19907b	0.00352292843309809
6fdc467972f7e7b6954579d99d77c50a	0.00347598268345622
25f1c71733563377ea643c19d0f4aac4	0.00336221493322965
c2496eb43965a63c1eaedbcb4e5c48fc	0.0033525799485213
f13a43819b1004cce2566ce8e9d80708	0.00327355545761746
90551fcd5c6795d36da1b1fd4913e5b9	0.00320129509659369
cae33989a5c698771d22d98078980b79	0.0031915973281844
e730c178c594c30152dc0b6e14fa9b06	0.00318984363599844
3290f3f9df16a697f78e3c8bec50315c	0.00318587124273846
0be05a25ec1ba22e25300f61f79cd423	0.00316591181984988
e0964afe46f822686e477bc80e6910a9	0.00313927306190581
a85218d86848bfd6159e5fd5bd275237	0.00303913764602102
ec43b7c2faa5e95f42c8c32b7a117fed	0.00302190802981951
eb1925a5abe6e01b9d98cbd2cace96bb	0.00300727446916461
b18f4a114c1e9dd640e7db08f4691ae9	0.00295971492440848
4b7c82bc8171397a94ba753978938745	0.00295957420438859
4d39d43080f369623a768e8729d3bebd	0.00295287685652359
e5288fcd71e97e339fe2ee862db46b83	0.00290719809664365
5ab4defb1dffd420df44eb173ab4305f	0.00285900883602482
2473f4db8796f9fc7be1a2a42987e244	0.0028244770568868
3b7516fac91aa8b0a8b4b336bc77d4bc	0.00282014444111058
717e9f21908d64c8d14ed09dcac35b36	0.00279978867022322
5edf5498d9ede34b544f4a558ad0f5a9	0.00278382312072736
c28ec1c440033e6c06ecadb07b505c1c	0.00274208753636237
cadff67f01f194451e647145cf347f59	0.00264354667755945
87a09b113057ea8cc465d154903ebc0d	0.00260440737201037
2d60324d783e1eddc5984522ee994e8f	0.00260233412261675
f084ac2eaddef0e67207680fd3db3971	0.00259462674934829
74c3bde4615c789ac6bc90558977ee8e	0.00258512319624793
c72f81337c9b1ba4cb9e7461e4b112c3	0.00258239900073896
a813ee91fa4d2dfcde94405e6cb0cadf	0.00255673964037185
6e023b735baed209233267613c3ab7b8	0.00252502026778011
b72fb2531e389ac5d8153e7ad25441c3	0.00251505974734885
1225d7afc038af425f322ed911032276	0.00250109347246262
b6c3b0ab683717746e52512010e678ad	0.00249362729770546
5c6b0ffd1fd7a572e723e37780046b74	0.00248605279756128
1ea0a97579a85e3795f422c2c8fbb1ed	0.00248072507209425
43e7e554ff549beb91fa387c126c3286	0.00241457909932173
dbcdaae9571d52b567723e9a41dff5d6	0.00241023012709006
99bd9977642f9c9fdf8ac3195daf3143	0.00235987611000849
c3763f5e36ccdecd19bf56eeef20465e	0.00234030898345786
6fc17ec3421f018f734f66207793cbd3	0.00231297541284225
c279790d09bf37bc2381a50691863c0f	0.00231114417451641
04cb4daf50f9d91df44b55bc9ece2fcb	0.00230577957832861
2f0985eef831770e6305062359e8480d	0.00230151361370372
3b8fdb4e53da5e107d346ce4591584cc	0.00227103636975706
8ce2898ba4118d851442a29bef79f97d	0.00224248484431527
a81465b075334484b73137fafa803b07	0.00222866183419698
90849ea938d89ddbda788d0386240232	0.00221470123268481
9fed5267e2ae1eebb377ef3b903c98f3	0.00218161490261085
0b1ee1bcd3c048e48a05940f34748f38	0.00216800099475211
dc8b9baf0d4cecafd4fd5b9a5c2576a4	0.00216537577835133
6735641b2c5a530fd9f90dc903b6c6ec	0.0021503502598048
4e482e9463fd06e9417894d31b62ac1b	0.00210536456913614
472b34d776ec1ab14debe48b7376de5a	0.00209256627445353
46a72a238b2224415a747ad4066bc5d0	0.00206354597411255
375dbfc8ebecad65427081b4aa0f24df	0.00203695115162847
740cb3fefad848991324194259931815	0.00203660954345408
369e68fccdac730361f19eafe2d02c9d	0.00203487916792572
dc1bcccfc0c9b5b2bdfd6ad9887b0976	0.00202847917224001
312c37db6ca9e7eabb7e69aad763384b	0.00202320967025253
8c807aad000bfa0e4e126524edb15879	0.00198904899692316
4d92f04756a92620ffbda7d5b7ad53a5	0.00198888520151143
12f2b3bcf5957cbbc429ae095c4ac132	0.00196982700942667
8621ca0edfec9330e26310f6f107a0e9	0.00196203086255323
65160dc9c7e010462cb3c360e78db925	0.00196188402164247
6c48b126233dc2a4ce9fe145f75ebe49	0.00194763208887937
c60e64abbe362ca49bdeaef60edbde8d	0.0019220983559166
0170d9b3c34c181cd7d09a6c18d8c7cf	0.00191707489255795
c6f4ce3122d07769d95b025cfcf3d02c	0.00187987280026274
30a97fbac44cb188c0f0aa79b27c87a2	0.00187725125823354
fc707b873c1229b8451068cb14061b70	0.00183204116127626
a35261017b62660553bc908426448fc5	0.00182856530087089
d8ddbde0d413d33e58fa83db9fd73a93	0.00182844290811122
52160abf65e01e8a3ec4de8f226698dc	0.00176283700502448
04c74e2681cac069e8051c810a740ecb	0.00175433198622436
5dd3948f6997d3ed7407760537218e6d	0.00173289063922603
4395db7447f2852de8ec77f711195c09	0.00172770800812527
83af23317898352f3040bcf88f761c6d	0.00172490528645152
008e57b7c9ee5883df0224437e019111	0.00171890555002571
1ae4c6de3ed33667370e3b86571a9259	0.00169498694982056
41664128e4f86c9f38fec7c68ce06172	0.00168349671819928
89b09cb474cebce211525c2f827c2d95	0.00167596394076615
70d0da3e816d54f97c2a8b5c531c8ef9	0.0016612925565057
9d0cc5dee68c7135dc2c517df968e4ad	0.00165146759746916
310954d7579a11e1a4575b9fd27c1311	0.00164215210574332
0acf73478fa66a05cdd0a21ed3f1b584	0.00163813836196181
f9c9f09ac91a7ef57ae458ea62f50f19	0.00162980610923264
6d1999b160ea489e4783adcb500ea7af	0.00162450894649169
6edaf4df6a62979fd11b3c5c084a97e8	0.0016186657149512
39fb6583dc33ae8e00a446ef73820dd5	0.00161669876757492
7143bf12d85732ad947e592e64e9c8cf	0.00161283975112831
c8e039977692d5484ba7ff89c1abd038	0.00160303656811599
f8e819d1f83fb363d25eaa5dbc42f00a	0.00157968396451853
5285b440ba4f3a93696aeed7f31e6e46	0.00156581668221474
ff01c2e3ddea6fcc55bc8e39c3a8fd2e	0.00156189636376936
d0660ce716df99b6c9d0c2126733a9b3	0.00155810509030421
ca3ada8e420e9bcd18d0a5595bb82c84	0.00155472210269364
6f9902fc8dc98b8945f4b09e463ca15b	0.00151781073527148
cd2b39ce7a6515f66c008110cb1028e7	0.00150770866613022
27cb81e17913504a80e6129cd5ecadd6	0.00147347035674769
a467ba94d227e872a8c35a0f402ea823	0.00146247781230271
67091d203c7be9519fa80eea21726d18	0.00144450796447214
547c2dfdc6756832ea803b775deef546	0.00144375139911729
4b8a60a89f2a7fbcc84b59af963345c0	0.00144059982067055
a04c1a47edbb19364ff68c168eb94077	0.00142387227694501
620104978ee89b0c50bce7106940d6b2	0.00141233832710478
bf2693d7fe9612a1a0e2ff3f8eb7344d	0.00141150118550649
dda87b351daedc7188dbd8f782f2f92d	0.00140136289469283
ba40f1ddc2350f9a4d7d5447af34126e	0.00139862916914981
ba744964535e4e52fb658e056fa961fc	0.0013522421222177
bc5ff3bd0b1924a00c4914cfef3c51d5	0.00134991641139099
d673c94a294bb78aad0cad13fcc31f4d	0.00133203861323619
20ae74a54ee4867bc3e914878e4618f2	0.0013183942590671
31efb5137962c78b356e013bc20d108d	0.00131764527985686
221bce422bcef5d23b0f6643f9c11dea	0.00131134889488818
45b800a654ece851759e7fbfebcfe506	0.0012950879607784
518bb745990818d1dde3385401060a59	0.00128995022767455
fa4a01f2c8b722e88aeeaff928af74ad	0.00127937004672967
301760218a8052660b6d4a1ff8d6ebf9	0.00127703710480249
daae67f84d4f410b69fdfe7398c796db	0.00127528626795429
33a5bc09cf624a4bd38225fa4fa61aac	0.00126891034781786
f798b507493614b4d8e2887418e65e71	0.00124552295537594
c5feaf145f98304315fab5e8616fee67	0.00124534933842783
1083d34a69156ca2fefb569f75b88d85	0.00122889810818731
c36f3a5bb60409367809d01fa3e8a398	0.00122590212819202
2fddd2977752ba17576488a7b5b2e12f	0.00121594719175133
7f88cce6454c0731daa8a60572103f08	0.00119074756356539
6886d2cc94b87e85dda5fda8f5831c61	0.00118367182816881
44dd1e256a9e21c0f153e386b2d302a8	0.00117975781343135
f3dfc279cea37bc48e90107538cb4540	0.00115994600284001
7eb9451d08df840d7d9222e953a4f5f2	0.00115162720117128
6ffbca30207802a5bf20c076c75cd90e	0.00114939779269079
56c624ebaad6cb7b638efb55b48025fc	0.00113201754163871
e3fa6007ca0caba4c8fd216ee88aa81f	0.00112959955147619
0febc9eda6e0c473ed52df6b3cad1233	0.00111859443259353
bab68935a9f523db5a8c43728e75a5e0	0.0011134500096564
528873de35d6bb94cf48acc4e05dfbd4	0.00110205815765928
c7a545135638f6ac7d979049781235e2	0.00108069848453042
c8de1b8cf8db8b571c0a59a13497358a	0.00107377969498892
3a9bbc781ebd810e073d4f6e49579731	0.00107247259216642
34285d9b5b710c1c1d8555976abe3680	0.00105533945288993
b07b95caaa0e76bfc25ad00f6212f61d	0.00105486634069409
fb7f53f838184a1b422c4314ddf558eb	0.00104110484617255
7a88d93ee3df12d50f33ab5a226d982f	0.00104058282525797
4271e2ee141a0f6a2f815805d38baab1	0.0010290964843635
b79da5a3a5f3df095330b8b1f3f0f410	0.00102798299072797
c35b0eda2dc2150a5005d3fafff71742	0.00102107737037358
2af16286590d1320963d4edbafa8d565	0.00101923660434503
535362a36eda839c2eccc04e71b0d809	0.00101690283890657
4c53c40597a1fe11633e3e14d779a338	0.000995732400716101
9f1d26ac12715f1d7da6ecb841727814	0.000987702354663135
fee1d9865fb7a67ebbed2b3f3020ad71	0.000986161930999713
db7cfb2b134e0097b2a5c9330b5df218	0.000984345222656075
3b781c24ed8b4a142c4f4fa86995098d	0.000982907316341498
005c41cf948342fa048df5c9e0b14598	0.0009757976938637
9a87e0891c49ade2869d7b6704217552	0.000969768983099248
9922515f450055a12b5a16617362ef03	0.000969158144372474
5bb5711435523a7dc14dc4f970d9815a	0.000946657574609202
df0b5dda9bc1f4404e45ddfbf0abdb49	0.000941581725166426
138615d960ad747279cd02bd0eb2df8f	0.000939625305351783
d3584fd47c70f4760b188c5fc4b9e642	0.000938262398532365
239788337757c550157968cc200b34ac	0.000931985489773184
8e10c38c40b0ae4120536e22cb0b7ec7	0.000929925544784763
f7cdbf15fcd45edc6f66298654894c0a	0.000915694908302716
2f5c74b4e15293f6dec01170f905bc92	0.000912298274156235
0b090d2b9fa494bdc54959ab8f0c4f61	0.000910325810397932
8822679d832fa5ae1c67be4fb1bd41e6	0.0009043446499229
341ad45909c2cdcd33fc4cd7568771c6	0.000889187978039084
23d4ecf7c0cac51d3e49d260012a8106	0.000886295488985921
b3cc927546785b1efac2bd794c417bd3	0.00087656886370738
61e10db61877077da6dff4a09dc18d1d	0.000872187804258177
2749a2351cf2e15fd1b2d5b287df3b48	0.00086888810414113
9a2267699c35dc26c2d1827d16b17e75	0.000865086742880584
fcb32a4fea36708da70af597424bb6ea	0.00086087679306715
1c2a115567ad237fe29a3d1d4126efe4	0.000856867153092639
49588bb648f050aa44106a5e1fac691f	0.000848923082531782
2362388422a6acd00346f36955424275	0.000844872844561099
aabc2ddd2b46f62fdc964a528c9b3d57	0.000842052192804831
12a49a75bc71fa69715559bfcf6a9094	0.000838512744281054
0efb75d7f3d02807e4226ce9e33dc5a8	0.000831055007944218
f210c116f8e267014b747bde12c1e015	0.000825695912633811
05b1082c664ebd4e4c65f2810b551e32	0.00082381876260054
a7063a010e0d09e0c90c9d6b2a2d8b94	0.000823088017566537
2ef9bded68981f8f77af64e9c1557488	0.000819481458508292
fbb3a37b3a2c93b9729d17c18d564309	0.000807680903509278
ea463a26445cbc5d3a22a0a5e1b108b8	0.000805282715643718
4e40fa027936701a28bc97912c991966	0.000794521011966515
87a3248580bb8227b0c44b9cfbefc358	0.000786657180039251
4a5442afa1d8faae2a0da700bc2b87bf	0.000775528643500231
3b17ac01be6e866286381b9a7b6ed387	0.000774075145838401
010be89d7078dd39a8c8ef9ff7bfb4bc	0.000773879396784726
d4d3c93fb5225f99f1e11cb0bc5ff4ca	0.000766364386166103
768daa2876775cc994313a09cdce7064	0.000765048492652936
7030366b6171050ef91cad1bbf09a947	0.000761810089272961
8ab3653edeaa1fce316619482e8c5f9e	0.000761765578525513
087bf805b925fca51868b04d41ec62c7	0.000759594637585797
434a2865d80e2038b68e51a271a0d860	0.000757391265493395
01902b9ceecc5099ba91794e0c7bbec6	0.0007464790055629
24bd3e1f0e4046d74d7e89e203d02d27	0.000746372143726571
282072993bec9a5eeee93a3f2f1f4365	0.000743376830479071
9f63957e46d41e1acd6f5d09c679e6bb	0.000743147216189241
54a7d8d0542eaa38fa215bf99d9dc713	0.000740215759632761
6ee75eb01546e03487308560fb1d8228	0.000731659400172983
8c12a9548dd4f978d9711b27b9f9d9b6	0.00072893424441388
3758815a7c7f3e6243c235cfa0c2af41	0.000727043365827065
9c7a98d7ea9dd7e890203e758f779ec5	0.000713506634305128
e3432f1b13c4aa814f47f6a5803bf847	0.000701550415686485
e10bde6e4a9b065be4c32c9ffbc5ddac	0.000699945296838852
50c434df9f92bc78fcd2deb0fbb56ceb	0.000693297902511896
38d68998a4cc3f9f7457d618cf7c765b	0.000682797880829005
8e6620523891e75e5a2e6ee401ea16a2	0.000663999007960708
ddd9fafa2fcde9fe2a885efa8d899e9c	0.00066025167799538
281e7d74dde8d8fb843d19e8071f5691	0.000652418161852996
2edfd4a4fb85da8e6ac0dc9d35e67a71	0.000648856468871184
ab013559a5e96696775d2623b68f9ea7	0.000640476678709934
e6b3844233b1b4954f9123acaa4ef777	0.000639122904154871
a13edfaa498853881388b46c4f122da4	0.0006368124031955
8ae6b8003584e77d415e169db7c225e6	0.000633007543928925
13cfbba858433b45061b180cdc4f4e4a	0.000618323392275795
11f8b6adbf32cbc823279f2d01b3ec69	0.000616062638718752
20cedfab93da5270620f0e556d80ab3c	0.000614696861066452
50003dd248bba417795c9974d9873681	0.000614425025532085
a6491fb9723795a27adb877406115cce	0.000612460990465594
0383b5a6ddd57267d754d92a905e3844	0.000610343924689605
ec85e83b0612125388dae2adb5ef0883	0.000605679657292727
740d996b65e608b8b4441dd61d6e875c	0.000602077603428484
016efd30760b260d21b6830096082eb2	0.000601607184778473
b104ca3eb8706940c483e5dc216c97e2	0.000601220179810819
aaec97a5052a0065f84f76ebaed10dc8	0.000598966208947988
93d94d3dbf2f127402d5af786e8bbabd	0.00058624338917248
2f8fcf8966d85991dbe60b6219ed3213	0.000585046110609802
da4f23039fe1c9027de4d915701c8333	0.00058117288329874
626a2ea551334066b1fec0d4c0e2c062	0.000572495299654468
146c6f479e383e644048716dfc5df99e	0.000564338792809374
56f190fa4a2227645fa2ba2ef78cbbf2	0.000555477640441213
3528b32a60764438085b0ec72f23ec3d	0.000551788847580513
a91fa4161f1a6f376145e35df5c71f2e	0.000533799965390204
761c72d346321511fbc97e28d2116450	0.000522035858975554
3e88c912c6abc7b64a890d058fe0e768	0.000521393707969661
18257c13f056069cc11222c1b3786de7	0.000504990466842857
e53c787adfcc790afb4c07b1ea1184d4	0.00049959123111329
c79cb6ad9a07fa77a3d49ce9d68549b3	0.000499017092025949
805044af06333f5bb83864e5bc1dfa14	0.000497712544781596
9c1c72d22af0bfcfb90b40481b8bac25	0.000496741238785586
a37651dbfa2ed98cb031c481044cb2d1	0.000490633509749141
ead3582b7f681b08eac47bd015f68809	0.000490502543364489
b2c82a0137ae51555f883b39856a96bb	0.000489866146914706
da02c0a29c0fafa40d236b6cf03a5fb2	0.000489844427575248
59d508f8da2eef3dcca1a5ad42a099d9	0.000485077531006956
8969334bfd3a6ced3981473177353b30	0.000483544347251111
4c89a94943cc3d0abdc48e47f4ca436b	0.00047618312563752
85be6cc820a646914bb6ce82b5f23269	0.000472253527539229
12bdda12ecea239d6c0a545fce0bb616	0.000471678366231126
900f29292fa20f54c131750b7b4238a1	0.000468616370259446
91bf4dd988fd87988b8da49149aadb3e	0.000467708848886909
c63f8f20c022f22ae70f87bc09510d20	0.000466366085115539
b51892015a6af39705c00607ee60b075	0.000459065366897104
603a41ea6b10e5c09c9c0f96238fe35f	0.000450415538659756
8d96b4ec2ee27b12c902890548fcb1d7	0.000448273600460534
9fd3c83988aea0c5eb62483c7c099fa2	0.000446077017719568
72d058c5b2679d68aedb06670260f2d5	0.000445022092281293
69c68929ab3ca53bd3e75858db461acf	0.000443223604013741
31f4651cc19191f55e93f1c337afb586	0.00044290927643603
184f3a2385691f2b13b33b290fee21bf	0.000437342980188157
26a365a9e4a85783b003a97fe36542c6	0.000437157446852207
8939ce0bafa532f7a780717b7d2e7934	0.00043620529343431
b76b98fceebc7a9da5e49ba46fd13a5a	0.000429798359205344
f49acb75c078914f3e0894d78abfddfc	0.000425645674553356
d8fc3e4612231de088f6e526d82cab46	0.000424620322841085
11cabdaaca3b152e3c3d081a3e822268	0.000424586875080857
782c808dc6aefcdd7726993270342d2a	0.000424276060075712
3bccbb45c49d2bbcb4be5dc42a445fd6	0.000419533042456041
ce17e5baed7a6ea0d3e64d783c4de116	0.000417340183163765
4bc4262b156770f3b7ab66e698668efd	0.000412521021193039
e392c94e291c5dd4d436c6a4803b5bf9	0.000412362738000325
1b58c3124c898f89cb0ac50ba1fb09e4	0.000411993057405021
48ed29cf170f4214ed7ea83767d49f9e	0.000406216181092092
0b9bafe71358a34df42c7b5df08720b8	0.000403594116518513
46b024de7bcb910d7eda055dd9db28b1	0.000401995316805458
525ee44223a603b17044032bcc174411	0.000401004768307264
c44e830ea26c9db9e0229085db08479c	0.000399228210664763
249e95869bb504aa3a2bceb0f5d01884	0.000394994920325171
49f1f5984d37a50011c647677fb56fb8	0.000391441323693904
7327a83686417ca3bb0e1537501e58ba	0.000390425939016451
23d78e08b4945ce2617610c141b438a7	0.000386249288030627
75224a05e65e4d99575bc58a36e54d67	0.000385887333008767
2ebd5d2d55423e5dda41ff0ce8e1aa40	0.000385674469948179
72328f7642360e63a3db9fe41e1481b2	0.000384494738951162
bcf2a98201cfa532e261bdcc9a75fda7	0.000384263586165795
1bf18e732597e47966caa26208ef4456	0.000374969879468942
f5515c1b7ad78fcc66373ea9c59e79b9	0.000373507649400275
604dbcbbdc443ce89b2393cd67a4d3bd	0.000373064793567563
3816cf2f1ec522c15595645060f00ff0	0.0003720927000401
891bf2576bedc3cc4bc31b0cb0a6d679	0.000368580736491003
6d02177e5258609e945ebb96ff571b89	0.000365253045952411
35a10bd5c2337d5d3c58d7b38f59ad63	0.000362890030848119
8b951732c66e70bb59be5563ed421b10	0.000361445595234722
ef92f47eefbf2321abed075c2630b3a0	0.000360403966658728
a41ac1c4c96817a692818cf64b4c1bb9	0.000354385355328508
4504135185e0b725084b3b145862e27d	0.000352779771112149
49c9ae88f97ba43a9bf0dbd3a45df291	0.000352610300608458
3cef9b761a4fdf798100cb7bd58ff767	0.000349556363625248
97e73d98ebee2cc526db05280ceeb13e	0.000349455120276509
053ea2dbd4e9949ae9c097d0993df866	0.000347636054905967
85be7e331b53a9a3873dff0239b8d4f4	0.000343580914754167
f5f434445bc62a813ca76176bb9685b8	0.0003413481577932
170212b821aca3b11c8e71eab61fe3e1	0.000340488710722394
3264c8436f594bccd925c18987dbb78b	0.000340224171108577
f97de94319b09c015917a9d0a4586562	0.000340131204920045
48957ad41e4340b4ebf49e560b909ae0	0.000339685665094547
a666416de23a538c48dfb09249902741	0.000338683040348955
21eaa50a293a3e880278999d7e6f253c	0.000338494854972966
42739f6cbca03073a281ad1ad106cefc	0.000338151398220569
2ca4e3d7643c43e347fa951824bc9d35	0.000337220699812493
a5f1a86fdd5d1a9115b5ae1397651cbc	0.000337036244091771
2c0cc270f8d8d76381de2fc54fafd06a	0.000336198750831084
fc8aa2364778b1d22db7c878336c3d94	0.000331335152978797
857fcdb9150cb4dfa43f62ab2d06ebb1	0.00033122854228438
75018533ba00ec43332147343ce0abc1	0.000328256400713933
23ec349e7a17a968ff795bf16743b960	0.000327810688124809
4bab3aa5cee90ab5afff6945832e62cf	0.000326353057609073
cb76da776cb0aafc8d01a749b38a8a73	0.000322418174707503
94aadc01f213fc12d005b5cf87be5636	0.000321861874418979
33555d737d2c1e293fc6d22aa273da4d	0.000319737755848798
45feb3c45d95aec05bb70cd9804e4f23	0.000319061606438579
3a83015b9ed705444bd0fed89e07e240	0.000318235740693413
624c7c5d965bd16185d317c604aecff3	0.000318092187088011
b864796a0e345e1202601cf7c7404d30	0.000317342074990956
806d88b6ce1779c21978ee3bae0ef0ad	0.000315506884066431
fdae3d8539347ae22f674f7e6ab4f6e1	0.000314982097610883
8ac6ffddba0b05a15167ce2861f56079	0.000313303095488906
86921211a8cd2eb05b5b89ed412bc23a	0.000310404584203815
3fd7338d93d356695fcf9022acec7e60	0.000308533495445552
0d683767e73adb954bff38faef0bd4f4	0.000305437795157904
d070c99e7294492d9407de2f3f56882f	0.000304197628362143
e29660ec16a958fd7862c0d7de164af3	0.000303642503515858
ba98cb109b267ea13c675585d3081e33	0.000299426016223997
7a76686c641af908e68c92b07cef53bc	0.000298896961444224
17bc4bbdabf1ce1bd64876e44cd14331	0.000297523038142052
4dbd2bc9238fce892e9a196faa7effc3	0.00029572578375781
42c64f56f3a40501b990141965411bef	0.000295415522393069
3ab718079896e1cb872eadd43f476393	0.000294517433063347
55b7480a2d135e1583851322a310403f	0.000292350712289143
a5f266f7599ece29a7020c56622cdbd2	0.000291140206450842
d1fcfa277444fa23e2f358b2df395c9a	0.000291087233925076
073e365c19620ab05237aa90b8dce7b9	0.000286392024887367
12b0e211eec464b7acacb1a4bd402e9b	0.000284888804640607
ad4e3fd8152acf7a68d469814ad825d3	0.000284698204419283
ac7a06edd46d54a2600f22dcde709fa4	0.00028333455030794
8147d47d1cbf28fa90f2e4ded0c9517d	0.000282626691402539
535ef5f1fb30b69db42ee6d854fad258	0.000281847065035628
a43906b268c2190607495b75870c8bd7	0.000279799402747382
089c80efc2cb8352f7b595198d3e4f7b	0.000279653837215424
5ddadceee81eae20bf9a4afb73c49151	0.000278616686630064
2b9b6e83ed290344d2bd50beed81e3dd	0.000273504468765458
d4b383d99c53df64d0334f8aeac8a101	0.000271691867154615
2a115ff0049a1e41506710df6b079a27	0.00027113390565873
09c04de3390ed454b718733910718514	0.000270631824628997
4cd991ce83813e873f0020c501a3cdc1	0.000268590281367743
5a1cb51e85a15c5998a47ff472fb2091	0.000267928166886496
71b8506403a060837372281a059500fc	0.000267910457524815
9ea7719762099fb4a2a3ef201307850f	0.000267799714988844
4aaf99830e9c83291c4c702aa11cf3c1	0.000267520221733796
df3e3d79d39fd47a65bffd2e69e98f97	0.000265631050091448
077fcf0eebbc5fcfb681e035e8e7911f	0.000262579197711775
3e5e9ffcb24244c7ba4a1c47da6f53ab	0.000260465671375843
f17136bd823d84504022a02cf89bcaca	0.000259768614366668
639b426210b9f854cd7c166736fb179d	0.000259345845875398
e2ca61d6479fcd113f2dc0a40d9521e4	0.00025798223574061
aaeade847cbf981423fbf4533be1b74c	0.000257715667797718
2dae9671cbd8694896b520d2ed093268	0.000257003398069542
aa95900be8520ec8f7596d64fbe09958	0.000256480479795811
96fdeb31cfe2128519581e9993528230	0.000255576085489635
edc1dff9c85951ef372d96c1abcdc818	0.000255457699115124
2409e368b8055af1a117216fd5fcbe8e	0.000254515590971495
cfeaad2a38c07951c17d6409ba92d87e	0.000254067577850049
36bb7ab9cae9f93b308219ba1523e8a0	0.00025275433945743
91ea0422e19a989c3b16dfa54974f49b	0.000251591954096868
b7b240847cedad64738b36c67a3eeb29	0.000250840330771716
131ccb80c628cddb114baaf81a3af46a	0.000248360692179755
9fd525e89a670fb2d34b099c392648f1	0.000248191805280455
0b37f50f0fe8ed568d03203a2cee7426	0.000247715230460704
44693fca53ad3f7258defa588a71c2cb	0.000247535107692578
40787eac29fbc0020f7c99c66f8b74f4	0.000246270554460334
8ac144a19e3ad3457a7574c7467c716c	0.00024597738915474
6c3a1bbfe5db5e116b638c3c616fe1c8	0.00024551033014217
fbde2df07cf159b4b75e550f1c52c704	0.000245096952793292
a4e07c8a85fd613de55103b964b3a9da	0.000243849995169708
977f6f28197c524b8fe508ab851f00ae	0.000243294614556071
56d48f6c92f899bfc5adf268c67c15df	0.000239747681133
1eb830e0bbf23247893010b68cca8f55	0.00023818064211878
11a656c3c10e27a75ce9ad174c42086b	0.000237422896431066
b701ae51a97368a10fd44d6d16d0bacd	0.000236233300421264
52ca5f69b538328bcaa1480c77eadb97	0.000235929409786449
13eddb5a59d019e629f447708ef633ff	0.00023575035824928
fd40a1e94524fd0941372716ab03c8bf	0.000235247315603443
5f701004cfe22fb157e6011457c55a9e	0.000234784636309627
37cfe606d5749a5a3fec389efd0a5ccc	0.000233951412982566
0ec192fe9514d7d2e2e69cb79a8b3055	0.000232797427527527
0169163204d81d1b66672e127c1fcceb	0.000232229620262284
d4bd701bc5faa42b70e0f2d95b0ba523	0.000229345109383729
6ecbb027ee68a66e8e28c979001543ee	0.000228778014569648
ce2979d3ad97d7929f9712c0f920affb	0.000228727573094196
061fbf2daa06e39979c6fa1d2fd0703a	0.000228446283187951
cd4c4677a2eaf8b2b83b43a0e623daf5	0.000228030860271033
d5c35ed2d711d7ce55d0cec252487457	0.000227140659727043
369f280065380174758c1b7d7e8db9c2	0.000225942507486385
b8fb2bc7f066f7b8a4299493e1a3155b	0.000221605044807421
16cb9e4aa869b94d3e6bc76649294120	0.000220043251521071
de2e8e1ad1b8a2ada83d563cf220dc66	0.000218867786545592
ffca4f4c9d97145f02a70aef9502a80b	0.000215403893596926
99549a1aa500cebaa6654109f7c2c7e6	0.000215318735190234
2f73899efd4a9ebb6780108b66e404dc	0.000213491941336963
7ba0357feaf64ff5228138fb36df1b94	0.000211137031913953
668245391409d32ad1de6d013d0e002a	0.000211045912783505
146a9d880faaa91e077bf47b99f5be5e	0.000209254669236669
0a094516a4d54a46597fe7377007ece8	0.000208996688711088
78588786a8412e65122bd88ebaf8db4b	0.00020785346257623
5a0b1edf4b902df96dfb6d422b6ead54	0.000203738464401137
11093653728826254ab3f046de4ded9b	0.000203335598429709
c4c02612af18e07881639ef6c347f990	0.000201961243118904
d68d1c7936c9d4eaabd12a255d8b25b6	0.000199990368728932
7adf58816c613a5c8d79390c2dd02054	0.000196727287364708
b7b99cc7150526ced8be962132f84678	0.000194857233202741
50c91bc88473d8d153ce7b3a3e9c9025	0.000194288258794965
8675aba58051ff1e3e0dc2df84e0d949	0.000194137187234365
961e34611466bef843ed7dbbb318d0ba	0.000191692398213998
f4f04ea681e186f6b08702237283f0dd	0.000189217569275163
eeff1f4a7f4fd3fa09e16a1bc95e6b58	0.000186051863320139
75b608c22db554f334c0f850c80dfed1	0.000185711023645115
59efb6f9adc1ba39459da0d0a90c81e1	0.000184347298807313
b83432f426a6a225e9f847e7c49942d0	0.000184300354521488
315d7129422a167f09df93d84622f0b3	0.000183182334330406
84efdeadb6ba0a5551997aea04ed31e6	0.00018133290966331
ce2024cdc6c921ace83345117bec87fd	0.000181151963201068
1c77221b81e591c2639041215a6471ce	0.000176382899704439
2c69a068d8b6b09eef99e12c31efb336	0.000174574088303294
82517625ce15781b3997bc46b85a17c3	0.000174574088303294
11eb265780257c8a89b1d2435ea58604	0.000172973536203802
d6f2d87fb125a670148ceee6f291f118	0.000172207208911502
bb4d6b126cae103bbf274dcc7983217d	0.00017038371167947
4164eb90d773a5d42b633e2e6ed0dbaa	0.000170244896452097
65f40634f3e5ec6bdba1d86c52627f2b	0.000169454256200319
f3bc1362af17526975013dab6fe008df	0.000168499020490211
75501ac6aee0bb2c7900bd4fd76d6633	0.000168427098090641
7ff995bd182437715ce600086c23f340	0.000161204831839333
6f3fbfb2658623321986e03742e30433	0.000160102342135687
5db0b86875d3cbda352c1341af0d2b07	0.000159038745170332
976202b36c6a2b6ec1ce8024545ea392	0.000158570460490204
dc82c9677f465822c8c33153e13cf6e4	0.0001579543035065
8924caef56af07ae13587d193b9165e6	0.000156699603526851
c601e1b26775473e23edfe1088af3c6c	0.00015563593285137
1f20d80edb13898c9d054045874a9511	0.000154032892400004
fd03aeeaf5545a088f6bf21bce37f5ec	0.000153324526693589
def936424d63472a1313113148db5970	0.000153324526693589
e9e194913ab1f1a7451037067af8ca95	0.000151610726436409
6ba4b1c4a0a75ca4a2ee00ddad90360d	0.000150803651946305
c53f6e58140eb288ca8ee4e8b0dd306f	0.000150759606371442
9dd8b8b14379e440b0d744e9330542e5	0.000149811924510809
a676eb9ee9c33364979be51ff85e3a09	0.000148468403121467
0fabd09a861e5cff6700efc7e8424a13	0.000148055423313167
e523949258f39f3457a0568afc0b3fc4	0.000147993266880549
bd7c1a4808254541d78615c221c17690	0.000147993266880549
e140c41e1c08912c0696476f6f07125c	0.000147993266880549
fc08bc9839e5a70ee3fb4f60906f45e5	0.000147993266880549
21553a0c7abc2f60d2901e40acc90be1	0.000147330240985136
3d46fd4405d587e99a116bf37f8b5de9	0.000147291206400832
db8c0b5d40b2e237cf4331d4635a62d5	0.000147124508889708
5d812bdbab71a9c46f96ff47bd5591f9	0.000146593186457407
91d91e9bb6947a4bca7ad2dd54403dee	0.000146524166182798
189838be6f0cc9106610e9d9b663db81	0.000145423863309163
ebf1da0bac55ac95e511dcaef6ecbb8c	0.000145091318726183
f7f9b129c6350b9321b411faaa9ba20c	0.000144991152086114
02e4d858eabc4f792e24d984746de2d0	0.000144991152086114
bf3a384ff402e1aabb9f66f67741df73	0.000144991152086114
a4633d806a720bd82ea4129514425a37	0.000144826399794122
fed7414b295ed6f77b0813e1f908efd1	0.000144648640928107
099a1ce059355f94b93ef9f0266238ff	0.000144153253543995
ef31d5eaadce57a713af01393762c26a	0.000143730454460756
f060b6b4f4f292363d490fc47b915bfa	0.000143575892348197
428db18581eee27dc6559ce8f50f2f9a	0.000143388408523495
0e865478b76bd54cc6a31386ccf7c3da	0.000143388408523495
b4ac4fa49627f27ef1b11af20159cb69	0.000142022035765462
a9a82567ea641266b7cb42b6d7c105e0	0.000141786374152202
da787bae00c52d971c90761ba42f695f	0.000141709287383571
415a64166b2f2411879a80f82780989e	0.000139946141784445
60b3eb5eef9813531094dca9cf2cda20	0.000139946141784445
b40b0cb45b47e17904021c6a075b2e99	0.000139946141784445
dfa0b347579124c7d35ab49ac3e59875	0.000139946141784444
233ee4c7a1964012d961d5551c2cc9c8	0.00013850450944966
c4d2ac917939c2f745201e613a088b0e	0.00013850450944966
d194e32e587f31b3504b5812a00e0b9a	0.00013809011536381
66c35f8aa8f1b9ac81b9b46f5323e7f9	0.00013809011536381
1f876ad746db202ca73a78a0ba76110b	0.00013809011536381
14f19177405550ac1f7c388c3603ac3b	0.00013809011536381
5f00a0cf62e313cc7d932e844fff1f14	0.00013809011536381
cc04d31b8f79335a17815180d0c47465	0.000137994481128066
a2741c9e5c5f837acc6420a6844b8e79	0.000137868195184292
e5fb68a28b2ff3e888fc9394baab80af	0.000136729973004779
da9ac20511080c55d1aea92c52bd969e	0.000136683122249657
2069995c4b2cea2d8fdb72f00fc3d560	0.00013614386809497
5a805d1188f81adc5b4be945a076fd5d	0.000136130872878296
ee492b6d0db33472ffac61d17f076a2f	0.000136130872878296
e3c1f7cc6b2b69f0d94194d9fc3a3f31	0.000135901889770904
76077e1fe4d6b73a0522350a6b034162	0.000135522599630734
0c01632691182055b7c80e4c9a3e7ade	0.000134967120699102
edcca1564211e74828ff525f055b7fa2	0.00013484581808019
4032258dea89e2bbc8bbae933c9bc668	0.00013461591242461
5f8a7c1c1991a18ad45cf9840210b7f4	0.00013461591242461
3b8dd619b44cecc90f584deb214a2d73	0.000134056251325537
280be2c2fbfb06739496ebc8d93ef35c	0.000134056251325537
a77fe20ba704edcd013f9a62738acb53	0.000133747319378788
2a04f2311e81f6dc0fedf1c8bae73414	0.000131938303078509
f284a079e9870c192f27fef364581781	0.000131851801668851
c66b9f06356c328c5d250bb894b6f290	0.000131851801668851
42499af6851ea379a2a7331b2291e362	0.000131851801668851
c785468e236ad8b2dd243c3908213333	0.000130006271735613
2a5a7f12b1fbbe294ad400259fb18429	0.000129585911888874
55780b677231ce5c3778b6faba15a342	0.000129541064504702
f1bb3afefd968f6e605beaa2a6c2707b	0.000129500177213151
5e76f9c4b624c9794ebacfa33d6af36e	0.000129500177213151
4e2c304edfafd2738c95dd9d53053b4c	0.000129500177213151
d36540e5d029168b16df206d3fa69b5c	0.000129500177213151
b98469b0687599a36bee9316b58ce281	0.000129419331152403
e464f8110898bed3a24ec5693acf6416	0.00012939580974307
a00531ff5f378a99c1139467a49b7b29	0.000128923696751515
32a06d6a536e6c6464095fc7e4050a14	0.000128410526955849
bb7dcaa3dc56308822d7bb98e40a5e20	0.000127703121334476
fed6c91adb1f1d25265bb2537527f8d5	0.000127454211223648
a4ac79f990e07d8bc2873974a9042995	0.00012698030258266
3100ec175f32d075b2817eab92194478	0.00012698030258266
c8f9453e6f8f9c7b1b55cb7ea59bd43e	0.00012698030258266
49e35d545f8befc96474851567e51ff1	0.00012698030258266
4744dea4a7e6679730b7afc7e05fe456	0.000126640568017452
5aeb8f09a41056c4c441b2e4201b0ef7	0.000125550743359797
14ca6c25b56d41573ca0f07dc7dc4378	0.000125482995438622
cfde15002b59460225d86b41443a6dd9	0.000124266221458955
c2d3a045d222d58345d9147f7691bb49	0.000124266221458955
bb356a6c7c8902941bbe6a8671dc4b95	0.000124266221458955
eeb2f6a40fbf21303c4bc22552f34ed9	0.000124184868750615
12e0a80cbc77e022cfd2b92b51115e74	0.000123889258784234
dfccf141c67178564e865e6eaeef7ca3	0.000123593937746426
378e734229497886a2e790a41115209a	0.00012326975990408
038659691529d16e22d0d66710797ce4	0.000122992390198265
7845d61a64d47f59d72546b2028fb937	0.000122602128518858
0ea22f222fbe7e1c51ca2a813a6a9e62	0.000121364692556437
9f46009f2071eb98355d00dc2837a297	0.000121364692556437
b2c45fbcf7f19d81e504a310a9ea04d4	0.000121325461391555
7c1d340344bcbd6a8d827010a1824262	0.000121174808612806
ddea8060fd5f2330cc5e8e87b0e30880	0.000121014447719196
476ee8f307edf9b686e584727308df6b	0.000120496975800778
d3905bc2aaa4c2d01db490a845ad17d8	0.000118322774491517
ee450c081ff975afff86820f17b76f31	0.000118116650210632
28648e7d75ac58a50d0e1ec67798631e	0.000118116650210632
e512bddf341bac6a2377512360e7a492	0.000118116650210632
b6fe096760f735daf54b9cb1a61bf596	0.000118116650210632
2825ff943c5621f3a6b4f3ea89d24a71	0.000118116650210632
94083799cdcf469943cb3f8212a8ccff	0.000118116650210632
af20a2ff145d3dd367260060038a2bce	0.000118116650210632
91823884c126def68463c4b148a85c09	0.000118116650210632
f17201065c7c326a304b1b6e3e2405c0	0.000117817337534207
e43d26dc0fbb7fc3e4a8127f77e059b2	0.000117621015809745
1bc943d8676f6eee58853456d01ece91	0.000116558714546951
e6e38a38cc6803bfe9da9ee8ba5f8cf0	0.000116530229343751
6dd7d85162680cc4ee3fa7280c47189b	0.000116018274504594
12a29ccd13a9ef19be0e5ecf7c2f88b9	0.000115229357426285
03e6fe882b76dd844cd0a31bfa3f81cc	0.000115199063493664
9b286827ad6f1066472a2002baeaa6cb	0.000115194282150964
99dd311954afa4f3f21e31301cb7ae6b	0.000114585930831226
ef75d2500f8982f52d3e1d93a5bd0d53	0.000114585930831226
abcb625dfa84ee87ffdfff36dd4d79e0	0.000114585930831226
2a5d7ffe8e16b2c1ea1406a3f9a1086b	0.000114585930831226
51f474b221965f0c3892dd570dd49533	0.000114585930831226
84b63636052181df568d69641b159dc6	0.000113691285266388
a0b43082ff1432705a13950412c9c645	0.000110661364359016
dfbb4b1b31d33155b422d589464bf77a	0.000110661364359016
162ddfaaaad95a2aff23ef2db3d12263	0.000110661364359016
9447cecaba50c228ccf23e6e5acd6196	0.000110661364359015
41ed53f781134f8a99d10e651948741e	0.000110431707528766
123fb45fbf8ffea93ae46b015bc99c63	0.000107848840535264
72374fa679d4f69a33194171eb20d5b7	0.000107443624278898
f8cbd4476d6b2218521de69f6f7f9f94	0.000106744308144785
c4f992d811487822d5f45bd9d1ecd1d3	0.0001062437916981
97cfb671cb6aa130e5d13edec738f3ee	0.0001062437916981
066e7b341df94731a45376fc32c86056	0.0001062437916981
5dadf8ed199d57fe26a5d520dd03d3d4	0.0001062437916981
8c59b400a0205b797a678a1076b95a12	0.000105675827732714
ad08bbab175e81c65367f9398b902092	0.000105675827732714
0df5d73df57804ff9419bf43e7ab7aa9	0.000104460131207787
96d69e709c7c2d8d8483a746cbe2044e	0.000101885984588036
4a7c1af97ddd6bc8ff6d76db61138aa4	0.000101386669116191
1e0d97f55cdfa32bd3b734116e5a91f1	0.000101191064277906
87e038bb59f2e80e20e28a4dae263f11	0.000101191064277906
57d75dda64c32cffd3bc31624e7467d7	0.000101191064277906
d0aa4fb16fe377cf7bab288577d783c9	0.000101191064277906
88bba5b87c5260428f6db6549e2574bd	0.000101191064277906
ac088651bf5d6e08c4211202bfa49b8e	0.000101191064277906
f4ddc02880ed4082f8dd33b89a234e7b	0.000101191064277906
0903545f82d04dab9035854dff9ae831	0.000101191064277906
af85bd87d4302a51d45b0b97dfc21511	0.000101191064277906
c560cbee3ccf16ca28ff9e56e380772b	0.000100732804359008
03faa29d487acdc4cc9e426a725e8022	0.000100184303485161
4017d1dcb02a7bc57824a6513960f833	9.92222890755946e-05
3c6c06d78fe780737f6cd65c08da3346	9.77287909716046e-05
562ad89cb9adac26c1b8baf4ce4edce7	9.66254299989106e-05
167980c658ec0626996320d74d43cb8a	9.52888580581924e-05
a3a1067828c68aa6a272e21245b35781	9.52888580581924e-05
c85a191ee970c25918d90872379c62aa	9.52888580581924e-05
09411aacdd2828ab17f64e24af3b9e4c	9.52888580581924e-05
08c733424309085a16a08a789e71c512	9.52888580581923e-05
43d3f4e9e2fae051e903d832a71476d3	9.52888580581923e-05
78f1515a6a7cb4f5a74c930bef393079	9.52888580581923e-05
0cff28dae009309f35b41c86c4edaed5	9.52888580581923e-05
ca860e2d08831c86af130f6df9f15e70	9.52888580581923e-05
a1aa88db790ddb1379d265be074ee6fb	9.52888580581923e-05
a6ac08057eb8eb0ffefbdd29fa9987e7	9.45240130376929e-05
627f36adfd061b028fd2b7321d868e99	9.26034902723471e-05
e6708fdc36efc23d8f340e31310c6200	9.06463472941947e-05
2a855b80d7339c0cffba8a22aafa45d6	9.0496634190492e-05
7b7bb40d7b9b54c316c1dc492a412261	8.84600824794803e-05
ad2152f0c9988e074576642cf4354961	8.84349918788107e-05
0ab6087d65aee85a2c978cf224adf8b5	8.81914498522197e-05
56117e8b202ce10c1a77c8527cc762be	8.81914498522197e-05
df1e7cfc2f18514c0806bf645ce52f06	8.81914498522197e-05
0c1f77546cc9d6ee6c11f23e97c84361	8.81914498522197e-05
01fec28b97dbc983955fa22a5032e3d2	8.81914498522197e-05
d2d1e5da49c98dd4f3c776cd92b8c8e4	8.81914498522197e-05
4ee3606d60fb0e6528d0cfbfc4e0d824	8.81914498522197e-05
58dadd1bd6b273f7ddb7a81d3f2cf163	8.81914498522197e-05
1691a63e2fa82e828e39cfcf59a53369	8.81914498522197e-05
dda9e2f880d0a49559c4b989b1aa781e	8.81914498522197e-05
66e3381a640d15654a448ac460ce1c62	8.81914498522197e-05
cef9eebc6672bc8652f38c0fd0d84675	8.81914498522197e-05
7c24233aafcbaa952fbac115118c6c22	8.81914498522197e-05
7e19d06f77baeeb9f49727e6a90a3287	8.78462324833645e-05
a87dc052c79d889ce7a618fb86cd1988	8.5843268826198e-05
6b55fa3b7742d0c102029ce8c6d5f654	8.51918558397348e-05
ea0f15d9ecd2566a018f9469ed853291	8.51918558397348e-05
253c581df455eac19bba7a939dcd9d24	8.15989979652902e-05
1a59ad0ae830a858702242f02fbe3409	8.06166282265493e-05
9de1af1d370603ab551baa1801ea14cb	7.9285230245102e-05
00c7849a9e041f6a17f69296c89d311d	7.9285230245102e-05
7b86729056d21ba364456ff8ab02a241	7.9285230245102e-05
8df16fd2bdde00f16db94ed5a69f208b	7.9285230245102e-05
f363295dda10d6cd03c36691462c87f7	7.9285230245102e-05
7d32126d74e77f92eabd833a65fa1b14	7.9285230245102e-05
786b4b32407c8cff711abeb20353a3d7	7.9285230245102e-05
4c93fed456d6d5a4d788986a2a8acf9e	7.9285230245102e-05
9e6f1e27777f927f6d2c6fdd79c004c6	7.92162099704931e-05
0cba23b6688faf301b0de9042b334870	7.71062372987868e-05
8d504311dc15df668b1e64b7dcdb3b06	7.21652518219893e-05
f38b39e0cb8b85f3f4f7512729afc5c7	7.08949225443881e-05
d93dcc21456ae76c06c0e27f25d560fa	7.07658885787197e-05
536311c11383651d10c7bf8988d5c449	6.73079562123049e-05
c8ea1231c17f6d5419ee3300c17c880b	6.73079562123049e-05
00e06e2ac537aa256b8d06880928e73e	6.73079562123049e-05
75562f57e8b5f683fb283be3fc91bf65	6.73079562123049e-05
cb2c2886e3c1365cfaeb628adfe0fdb8	6.73079562123049e-05
97419a29784fc95e2bac1683c66a04bf	6.73079562123049e-05
1faafe3351e32c220f9495853a2d0870	6.73079562123049e-05
0a7076564f0afb8984ce3efc7d70ce0f	6.73079562123049e-05
40c09f3dbf6de849d51044baa8f0eb85	6.73079562123049e-05
246b538d7c7816747c5b15712159b372	6.73079562123049e-05
b8d7b204835aa6719ba75c77df040e27	6.73079562123049e-05
a0a63e4f9f1bd377f310233d9fa7df16	6.73079562123049e-05
31309f23149b1758a38ab9e5b575be02	6.73079562123049e-05
9c6bc77893dcc63b6844b422ebd9cb3b	3.65652946894249e-05
9fc879857eeb9b18be833bb41a25db8b	3.04208347592997e-05
ba443e93676154fba50c0bcceb3d6c5b	0
0e0b6a1349b52699cd73b2cc100d114a	0
fdc9880edda4e20024dee81158b3efa2	0
03523ea2e93b1e65b65aec272e3a28c5	0
0e0e1fbceea993edfdb0cf6020f04017	0
0c251171c44773360985213cb4f3c689	0
ff20d826b491f73b00bd95f325af7e81	0
ca0d47ca5979d171b6a3b16b197c545b	0
ca6408564c137e0c2c982d20bc4cd4be	0
0ab13f5b41a5b4964d0b18ec81fe4382	0
cb1d5399b59d12c6b1dfc87dbf68b3d4	0
c9876a477e0daad9da01b38a97def8f0	0
ba9d5e66a89f7ba561ea0d4a57c247ac	0
c505ffe089d32ab82810a91394c39b2c	0
babe2e140391dfaf04b280f02a154d09	0
c93cb3440a53a9d2a514ef3cf2e8d605	0
02fb8d42639e0a3733fd99ceec5a1c11	0
bba72847271f587f3d2a01bd450973a6	0
fe70b55730e9c59d306020dbe63d8cae	0
0a69697753773347aec51c4dbded1871	0
f7bab440fe9f57ac91fabe48d98766c2	0
c4a508ce00cd4351a6fd27ac581e25eb	0
b9c0f01d556cce8b548281ddac06f3e4	0
03723fde0067f252f0c8c865266dcbf5	0
f5b13051ee8b09db8969e18bb8d9cc8c	0
fda6f93dbf926c1f9e13eff8a8883d1b	0
f85cd752e6220b7d64257f31c708702f	0
c4a7d11e7202c7d91d2b0d9d80a89b0f	0
02f4e9f9b6e32b419761f5683a14090e	0
cd22ca3c2dda0d6092fcceed40fc42db	0
cd132de2d5c649e945183c57650a6a27	0
c37a95186885e9280752f6c5c477e0a6	0
c29280f470470311179c35433f5f6470	0
f690f0b70fe58213948861e35cf5d4e5	0
0c9911b58fe117bb7f74383cde8f97ff	0
ccf57288862df299fcf115970b8cd057	0
ff4145b4e7bbc1a426f1500dcdc96e47	0
b91f86b7211a3f8935a988db9467bb55	0
b96b26d4e99786b69c0a25234b13a505	0
c4e3e6ec951a8fb0fafbf06b491d5683	0
cbb0833579496a3b72038eda01d93723	0
0a1c3f76737ec68451dd24a3541c4fcd	0
cb66fbcff8edc0bbe94aca969cd78481	0
f8b9d3e482d1f1207c83e3af1cd85835	0
0ded8bba5c0382570c4ce3a4fd3f3fa7	0
c37d516493abafe8f8da4b974a4addb9	0
bc191d140d67c465e9d50268dcc969a4	0
0ba4e9e24fbf19e31014970efebed8cd	0
c8f9097f66090ffce640f758c527dab8	0
c6033ccb17dd97267c99d2bace6573ab	0
c74cdcf712cfccdff08243dfb860da4a	0
0b6e5bc6bd4e77f4e4d812d60c1e34da	0
0b2e5cf5a3daca18fd0ab1565dec31f3	0
0332b49e455eb33543bce522c3c765bd	0
0c5b14a75556b8b2b14a3a2d13e8dc4e	0
0d16ec89477ca8af826ee497d7ebd869	0
c72f1a66be0720210c5286b93cd6266f	0
c71a3c4869a5965585b9ed60fe3af4f3	0
f766c012ec4f1e9fc15b4cf0670148da	0
c240093ca9b4c4af8aa54365c0d815df	0
fe1a70846456e10690bc791a628f51ae	0
f5d68dd93936e1f9a22cf97f6df06319	0
fe363f2478fa749095267a6ab3b0d04e	0
c6d9bac7df7a45f875f76500e2b59a5b	0
bf843ea15e8a0f07f4512519d90d0f43	0
bfcc2b3317075f09f6b2121ba8c32983	0
c0ca303a2cad576270a17b95299ebf85	0
c6533b3b0603bbc1b01b80b62018460d	0
fe3de649feec7aa97a20aa47e8bfb096	0
c0cd3a94508bfe9c3b71daa9cafd9412	0
c10c1fa60523cd52d2a466cca1fe447f	0
0b4d986b7e54d1e25fc7b04553aaaf43	0
c639fd19590c828685d2e97e416740a5	0
0b65de4dab3d39e798ffaac9ec841596	0
c10c87a846d9e157a34a1726f02a619f	0
c774ce5207f6482cb03e25c6a3df46ed	0
c5e8570856862c1a2467ec20ec0e20e0	0
0d802bf9674694a06684b6ea191036a6	0
c80ab407d85d5a1f30c59e92ddae3a3a	0
c418d525e0f0fd3b95d80a79dbc1d7ec	0
0dba0c83173f15dc2e3702dee6f66fd6	0
0ad1f5a2920124e7d1e45de0e59e96f9	0
c8b03c811ff729a2c6bcc677d9995ae7	0
c8ac9b86c95fc7adee4df3938460ee0e	0
c30cb99fd433042cd9deaf2c2ff7ac34	0
bcf04bbe57b22bb351b5cf2a07d11b20	0
c528bf21e4d7767779fccba0ef01d451	0
c88b40c537174b78a864b0086bc60b59	0
c8864af1463672db5abf9c53ded3c8ab	0
0da8df9535b7752e449dab9dcb2b64be	0
c53075baca0ef848aa1544e972c4d652	0
c78b651e92b0c25819f11ffa248a80d9	0
c7df27b9eb3e6501c5ea8fac340e2263	0
f7267a85aa2aadbda4bc23c5e8b9e5b5	0
fe17e3382e8530c388782bedf888358e	0
c53b55489502f1c48e20dcbabd8da125	0
c7b26c166e429b5a1df13bbc8f10e7e1	0
fe9f266bfac1016b300ca9f8f24f98af	0
0ad780fb6bf4384f1d515247301fcb5c	0
f67acc3aa00e3ea1ff342cbcd8fe9569	0
0b0cf5c9ca69d5f51507f50a3d82c103	0
feca6cf7c118f73b4971b0112d0a1f6b	0
00dd00be6d86f8002f39c359aab3256d	0
c7d9a15fc29ac51203844607b2291a52	0
f265da25841fed82b2eedccd334a1f4c	0
ce3c365ca9183c859595eb1b0929ca87	0
06810dd4960355d264b1800ea797dd98	0
e4a898516c0f9be968ca76cdbb93d13f	0
071046ac1bc4fd004906c9dd2006311a	0
e52adcf0b41469715ccb61fca2bfafa3	0
06e531ac04bf9d1e20a0d5e12938fe00	0
fa7c5477b15ef430d4406653293f019b	0
e6497a0423295ebfb4ba6c94f9032fe2	0
e6530baf26303ad4bdbf76b60606324d	0
06a06b531ec9df79f56b2628ff3231e4	0
e8815daa7dc0452735e3aa74583bd42c	0
f33476aecbae01f9a7e36d1c5ed92e67	0
fa4efbce97006575e0a0e2c5a4e10527	0
e8d7edb2956ccc04279860c159ea04ee	0
e9933749b9ac47d9f262ec4a6c4b2b29	0
06645f3beef620ecafb65cd14a53ad83	0
f36e65f2a252c6377be41fe7f1bda3cf	0
022464566da531ce15db228ed6bca150	0
ea933d58226bb225e0fb9264c4895efa	0
05aeb86f95f05b80f00e8e2f09aa15a9	0
e42893cb9b15c71c5ed50cad0a00e4f1	0
e41aa449802114ab2d65ce792a8a8a3c	0
0727c9f19e5fe477c9fc5255224fd277	0
e3e95e4da0345c50b29ade5531952cb7	0
dff7d5a614ca9389fd21b281f0082ce8	0
e00c3b620e09af4e01aebb84e34eb5c1	0
e01f0cfe15956283db9916026192da5e	0
e04f47909cc170338bcdc7a4e93404a6	0
079a57d43775492dd032799d439ddbc4	0
e0b78f90627ab8497b2fef6e5d399449	0
e0deef5864df04f3a6b2376ece2552a7	0
e0eba79d2b02d176999aa62ccb6d246c	0
021e77c0f330d08f0beffda8ba4da024	0
fac24d412bf3541a2a64388beaa373aa	0
fab5e4f9bc0d0ebadb15203bf685392d	0
fa9818670771c33c41d3cec7d29130a8	0
076947d092e2bc20c5d7cad101594285	0
fa89caf92164e9e76bb714b0002b7bb1	0
e393e71c8054b772af23d2d80a8eb0be	0
e39503742d2ba7a86655c822d7702f72	0
e39b4d1ff9de5e17f04362e6160f4335	0
05a0f5588f55ebab9024ff42afd3edd7	0
eb33663af969a0c12a46f731fdd4e652	0
ce7a1dd2bec859ca5cbe04c7f8912b25	0
f1c72ecbf3bb07f1a1d9c9a0e7cf9ed3	0
f01c1a8101f42903ecef15d038bcff75	0
f057842553f62e7da1b16a5ce861306b	0
f081f51e993ae83b4e8002ab47d1bbac	0
023618416ace2f3d74e8efbca6157024	0
f0f69ae91721db19bbb03ee69e14b211	0
03d7fcb68737c0ffa80167c30a897595	0
f9a4c660a766cf37cea8bd1bcfc20e00	0
027714747b65a372427240c641ea1973	0
03b6ac084ec4cbeea48140ac36524dc6	0
fa3e7270af8222780d7f1667e9571639	0
f23d95aa5031cc876b9f87c144e199f1	0
f99b0ffa8df02613991e28facd37b640	0
f23e022a8ac897c5ef5ef2e3ea713bc7	0
f23e61640739575f13deb5434e631e26	0
02cc0630bb55770c969d048ce06f893a	0
f2403c7a21c4823c58882359d0cc0201	0
f283ae7d1789fc58028722e0fb14430e	0
f27ef88ea1446aef2b5250cc496efac8	0
f016cd0f4481ea029ae69908dbf89d4b	0
039cf6af080a49231e8203d02306b010	0
efc226bc158edf166313479c5406c472	0
f9e21d47431723f8fe37ac53b37960b6	0
eb90fff4fcb947aa488515a2dc8f00fe	0
ebd2b012ed15dea51fdb78601f36c7d2	0
f96895564bf5b5d4179c92b0bb9ba082	0
05297c68f4443218a3a705568280c282	0
05021e7a4194f75a40ce2fe856c989bc	0
ec7bd70a74baf2c97108b0dc3467c756	0
04eb85d38422e760abcf62e02247d51b	0
ed2660679869b4ce64b3ef8e29bb3e24	0
fa02737e28e42628dd3c8db0ade72470	0
f9f89c8a07e8306976026213fd4ccdbf	0
ee74eff846f748f3d3d7f10b5d3d5c72	0
eee86808f4b5f1fed8f0cfe6439e0551	0
eef74ad7bf27a29fe0092e2e02843874	0
eefe1d7a9af1dcd14bdc8a22aae5d928	0
f2cc483032a68579a9656afcda21e120	0
ef36e60477a6ea25e8307a8b54110807	0
04d0794bb5e618b8cf80d9bf9fc7ffb2	0
dfd7adb3a068706c4a6ae707a27b2bc1	0
07be47aed48d0df598d1562e7e1cdbe9	0
dfa006e72537123db8169989eafec8c6	0
03a40f0d41af4bf159aa0e8019089556	0
d4267c4e0d95634fb24df3610d43ffb5	0
fcdc7c71ba8cb59b2c79e66cbcbd746e	0
fcdaa2d449b461cee9e4ba5945301cfa	0
09874e836cd5c69c7ca409e51cc76ab2	0
d4e0f7b677a649e426c6e4ed8aa10f5c	0
096664cf9fc34808f0f418cd3206fb9f	0
fcc61b765db042a1c0580e6b06fb4dc7	0
d5157436094966540410c17197e21f37	0
d59bcc4b73671fbefc64fd7596519df1	0
df8c14d65355223ca4610a92f81a0bff	0
d5a65a07e0af3972539e3a88176eb68f	0
0185b880fbbdcfc8632962153c4f2cc6	0
01a9217eeeba2f3fcc3ba6892022818f	0
d69f58b67ad314e93a6dc23cfcd342b7	0
f94f6837d7386b388d0adaa742abda2f	0
f4a9371f239ec275143acd24d700cc97	0
d6fdcb19da023173af6bd63a24bdb091	0
d70c8b0b3a355edf7732f6eccfc7e031	0
d419eefbcdbe4458c48973c47680d1b0	0
f52d8c2c90aef035833bf682406aa1bd	0
d41802d3adb2cce39d158c4cf0d6e545	0
d3e9fe4da558fc5bce2148ab9d47a709	0
ceaa1cc36b0a10142dc6ee882e3e358a	0
cefe6f360f487ab13086482b2cc53a7d	0
cf4f00c00f5a35cd287459dbc042239c	0
cf718c1a45dbc1501d305fc82fbfb474	0
09a89ac33f057a85dd931d6267cf0f08	0
fd68ee4f16de37ae466917500bc112c4	0
09a6d1b30c5666cdd1873d11c18c6c30	0
fd110ac885da70fc51d1955e9c3b12f5	0
09a3b7ee185e27d69f596e4a04208c55	0
d0fb7f2c04145b63e9417079886260ac	0
d11a061362546dced5b72bf48ff6904b	0
d21021dae2ef83260e04abb91bfdedf8	0
d213394fa6246c4c0c46a62133d1a97b	0
f93c5f91cc2d158314ed313c638d987a	0
d2c006463fe0bfc7a124576295510236	0
fd010abadf94b9c7d469e82ec34b0a69	0
09982f4f0a5def751764454d3d21fe7c	0
f956b4b1221297a002633336e71ed235	0
d70d2ca2e971ded2b852f27f5f52dd95	0
d73d042e9e5ce7141515ed3f404570aa	0
f4504411ac1a2b40e77c657c4d04eef8	0
0834ee57d94d728e0d3abf0f4f422553	0
dd1712d74817ad796d33776222e348bf	0
dd26cb367cefa2317b2390bab0cada05	0
dd52e341b6a25fbe327411525ad9373c	0
dd6f5b3bcb9cbab8ac26470c4b9d27ea	0
081e98a73a41ebd8f9249642156dd9fe	0
07f41a28b8e01866ed4d3295f1e1dd09	0
f3d09341c13dafd6117a592fb4aae36c	0
ddf52f1d8065ad40aef8a8e592cf1aea	0
de5cced3d60fb04e9ebb09a67263fe38	0
07eeb6c662e33576f0facf1e5502281a	0
dedf319e3248ac9e6b98a017056b0ecc	0
f960d8a2176c5d27cb88c3fcf10aa7db	0
fbcc3653091179660fcd35a1fb58c882	0
defcccd7bf8365a387753b18d1cd553a	0
07e619ba9bfe4aea697df9e1acbdc0f4	0
fbc552da58a5a2b32df82d5284d89a6d	0
039bcdbccc21cdfae40ac9e65386ef0b	0
dc8057c5a852e34928e64c761e8e9b41	0
d74623af98034902acb01756ae037a09	0
087607fe1a242eb13c147a3ba3742020	0
d7a669a9162d194b47c0e81a7a9fd7a1	0
d848b08aabd2888cec8fd971c69dc9ef	0
08f1f09cd2a20ec719b5c0464f60e3fc	0
08ea8fbf7a6ae1bf73364b023b4e0679	0
d9621112a6375926324780f49b668843	0
d9fcb0e8299fdc68e940b4f8de53a8a5	0
da1982e0603e2ea503bd3765e7336028	0
da397cd67363026dba8afb5b3dfec9a0	0
08c3f484184c2cc7ccf10ba29f52636f	0
da54b9c41a3b451c4d3b03d26748af45	0
da609b016ea23fc21a7b49fdfa407341	0
da8e9234a78f62e46298d2b8868d3e42	0
01b0d8fe965ac6c90157e76e822165bc	0
08b2d8efe3f88f00705bc6549adc71cc	0
db56edae9df40d0acc2f58bada4be304	0
08adbb0c257bc04c239d64f9db473d03	0
fc14ede212077fe661956b964c3e99aa	0
f861471f90703d6a0d515e1927d951c0	0
3918e99d60640279561c798d062aaab2	0
b7b02f9b7ce589b0c964e7869a09642d	0
2157d44eca942e90fb9345a08190c4f6	0
6ceeacb596371f6b08c0f2aaaade3156	0
21b4ff3b55c9b8ee966327c58a2ae03a	0
6d17117f2ab3cc34589a3568ecfe5db9	0
6d195f095e93975c029ade355400db4a	0
2182063f9b5d65a8fb0f53f3ea03ea1e	0
6d474b7a472651bed37a84b096ae50a9	0
6db134e59c453ffc0346f4e4e8947023	0
6dbbe8e49b37597f2122706f562aacaf	0
215ccd8a72c556d7979ae69f0c2a4f1f	0
6e2b001fbb9726e9b5ebdfd90258542e	0
214b44693a355b8174cb9f8e286680e3	0
73b3ed5af7e2cf3fabddecb8cc6034f8	0
213a107bcff73a1078ad20f4b532b6d7	0
2132536b77df37e5cec1eca584a85ce2	0
20f38b583751200921e77991e2990a05	0
70137c3f0d0373232d73b309735aa986	0
20e384e80d6085d52c17cf701dca399a	0
209aa2d05566ecb49557eea2b543f032	0
712b5f3fe8701aeb60ca649cc477039d	0
209732183a0e7e7075182c37cce23248	0
1fe84ccbece05f1d170ffbfb771ead64	0
723cd8949f64d77108d59d798c83cf0c	0
6c88342c51ad0098c38e5cc9d25e17a4	0
222335b15aac5588eb69f6f137f0fa2f	0
6b942310af522d955a5bbd6a3435c9c7	0
22389f68c4177025a9b1922f770cf357	0
2433c84f2db2f938f39c450a85554a52	0
61fe0600aa9224f107a31e8ed61969e2	0
240100c5a0e3f2888ff88ff2ee6a5bb8	0
23e5a173c03bce531a14e24f1168a0c6	0
634fa876c2b0bfd82865c596b301d521	0
639ee219c7922d61e3cca4d5538c1636	0
23c2ddf9c056c0beb32a745069634b4e	0
2387b76358b75886ac1f67d54a083083	0
65c0882aafd22e9630debe93b3d4a7ae	0
65d13d29fc2c7b49ed9c53391c47c6fe	0
65d976e92ae3b79a2460cc9b1c070a22	0
6605e0e6b9cbc8cee8b4045d98922d40	0
6611b20dff9de715240ecd21320088f8	0
2371fb7d9b36cca2b2f14eeba98af092	0
2342a06cf72ad94cc328dc50077641b6	0
684be161f9f38b0e1ef1d13fc0d00ff7	0
22f150adfab79e216af470e605ad9a97	0
6888e7a15c4a0433f5c7b7fb8fe4c72d	0
68e2a4d9fa39de434f95917f0c585902	0
22c7b41549f5ad3be3c565d305fc5028	0
22779738a340b395c18944c897ac6b10	0
1fc03d74dcbe22b8e0d187c95920267e	0
1f7cad8d0f88550fb79d58599f2163c8	0
b7598c994ff6cf7eba15f1e817e2c1e9	0
1d4dc41c9255e18d5dd078dc1636c09f	0
7c25486da9ed33fcfc8bb120cebb3ea7	0
7c6039a0d3d52141400d2dd6633d1df5	0
7cb4b3846de8f5b6fd3e997219637500	0
7cca54b877b0cd09b0e0d5be13b3e8d7	0
7ce5b2b329f569a4231bb8a8147cc1e8	0
7dd19a637eeab0e1cce09821699cecd1	0
7de45e55eabec2515fdfd4137a3f6ac4	0
1d6e867d2fb51df382c121949c4868bc	0
7e4974691a44a783e506b51ec9b79076	0
7e75c49df967aeec267020ee4b69adfb	0
7f3ecf16068adb535969a921df6a0079	0
742904f5242e4711f6461430c7d3bbed	0
7f79b1ca73904d0578c7e2ebe39dbccb	0
1cc9b05fb73a5136f7b1ec3fd2026688	0
7fc758fd151e72fd547cdc682b4c854a	0
7fe9aa74dd5ad72795e1fa6c6ebf1b3d	0
1ca8dbe445ffe9d93a2b46d243b87edb	0
0065bbe26f1b7c7116629ad8cde69397	0
811c2d7acb793fa834eaf6f65020abbc	0
1c9af91c5919f2ea6aa44fd5d39e7e92	0
84804c377e183b69aa056ab3df5a3852	0
1c33b231b901ab8e9d4d0a7648f96320	0
7bd81883f7c83c788d5f74968695ccf3	0
7b444237e204a9f055987030cbfdf8eb	0
7b34233f0ef5da8685a16cbc69af66c2	0
7af4d38bad2182ebc520064de17c6f5a	0
1f4b51c52f6eadf474d5d1a5fcbd116b	0
1eb9cbde0319f5a889d19c68fcca2d5c	0
7578411232d7850bc7f65758e57db09f	0
766dc79ced71cf132fcae28c96290236	0
1e772e476892aed774ad6091a50a43a3	0
76b76b887f2bfa837ba9ae4812dbc0d7	0
76f30b4f9ec1bba9942a379664bbea29	0
7729d01c0ff43474bc501965f3a5a6ec	0
779e1664879b0b2cd2f42ecc5d20684f	0
1e5e85ace5fb2cf6bdc5f4557b09775b	0
1e2e4bab41300d85730cb3254de4e8f0	0
783839e2dcc3cf2ca836c6e4068acb79	0
78ed13a5305363ebca1f1b8bdf96cb6a	0
78fca79df18b5ae09a0051b663bc9ea5	0
7947c59c126cc1934ea58a540564bca0	0
798b772736d1a0a4520fe9e12f951740	0
79afe9d779873c97a5fd88a57a242697	0
79d72c5cccb4925b11b5ff771274d248	0
7a42728b7f0e4d99b47afe45a095cd30	0
1d8bd907c2ed0efa2468c72c16b28200	0
7a95a8a7571ca5907053a57e1ced0bbc	0
613090bdcc307c184d94554c66326cf2	0
6120673d604d1614352bce5e1af4daf0	0
24583643f5f0608df242e6ae2a2da635	0
45cfb75c847248980ba37cd8c8d8a71b	0
43343ab02346a8ceb9af9f1842ac23cf	0
318708fb458aa1c27164d758ad0a34b3	0
435318181c68e8b5aa6165f9f53e8ea3	0
43dc9e894b4c10d8ef0747e8a5a479b1	0
31573419bb63ec3d4c64a42f86821bb3	0
43fec93faad3eac5f47f94540761b37d	0
44cf7e8b2a1f4dc7d6caf3794f589299	0
44dd5d200a88c5f723098965030a3693	0
44f6e1d8a3af6b1a8d1e7b2a1f731f7f	0
303c1754890628d6883d18dfe536ba60	0
2f9d1d0c187967e3f74b429b10adf0b6	0
5f32ca85bd6309b0c004b6bc20e8a92b	0
2f4b0885d6546c2e58e66a9466a939e6	0
4707be34bbe1356f4aa372a01db8730c	0
2f2d0fe37c0917e45ef7d5954d23010c	0
47b9152d7356acca874db209e1e6207c	0
47bbeb8639eaf1d17fdb32b612351fcd	0
47d3c9b264a7b6de73587cc7b99544ca	0
48517878ed35e139406b2412e245cb2b	0
4883cd80282ed0212ed09170f20d3d3c	0
2e5b0d764f86c40632217eeddb9b0904	0
48987e1837329fe4e704f4503430ec18	0
42ff1deef368e093338f73e1ff14e81f	0
42fbfec224ba8fa510b2b06407436f2d	0
42e004c357bcb969796f762779b53dd1	0
31c21f39272824ca627e58dcd6250e3b	0
376bbde4f4871e30e406ac31061453f7	0
3c68ec1d602e2384490e10b3ee29853b	0
34cefaf11fca30565e32aff4617a36f3	0
3c881791532b489aebae5471bb43dfa5	0
3cb118c93c72447717b906810eefec35	0
34ba46fdc2d09af4d9c081c7f6e40cf2	0
3d0e9f2638e07fbcc768c6c758c0f478	0
3d44e876ac8b90d130ae248f4daf22b3	0
3d46252032688ce0bb79578fe1a44641	0
3e2ab8932ea3c452e92365cc26f3fbc4	0
3e70e0b2cc5610393cb59c8980f30fa3	0
336a25dcec112a15268f2ee2eace011c	0
3ec02ff78505c340afc9d8d57ea217cc	0
401e345f7cd38fab32cf0c2297830689	0
40e9e7b9656ecf21dc09aabf6967a624	0
4104a41dfe1dbacdb8cb88a51b988078	0
412e57003bcbce478a570eff7e2eeb6c	0
4173527d8fd4da21db4e2bf32af86ff8	0
41898eb361b87250118aa6d3ee45d648	0
4216ab5f2f7e3284dce9271d9189036a	0
328d0964e4be699bab64ee4b73645df8	0
2e4df6a52c7338efedcfc0d07f05cfe8	0
2e445c165fa9140fff8a2eaca3a44996	0
4964e4770466ed2a435afedf7bf6b4bb	0
515ad649cacf1c1a7f36ff1ba85be4ef	0
2918af1ff1d33d255b785e16e92373eb	0
52f3df15090ee6366c5c483c0465da6a	0
28c84af9aaadbbf904d6db063648b2ab	0
539501db793d977d0008d6232029761c	0
547bbabdc8c9dc31834aeb9754dc7869	0
28b6cc56f75431acd3773e928a24c15d	0
5514366dd8a444c599fd39578fbdfece	0
562b8196929f46a7fe64875724a7cca9	0
584e5cb26a4064f9fd7c95e32b24aff1	0
5970c8bb65bd3bb3d5f378927bc2cbb9	0
2801d8790e0c92559d7426199f13ef94	0
27e3f2ae1961e9c97ce2c2b55d2e0a58	0
27c4870b82b2d1ae068b4dbd72ff2b8a	0
27aa0e2fb7b34bf828f90bae03ccc9c6	0
5b139bbab3e70bcf2219b17c9567f4fb	0
277f4186e805d9d51496d64644008df8	0
5c196c90bc4aae884deb5509f406c299	0
26f064ef01aa445c2d12b513252cc2be	0
5c9f209db8f90249bd84b6ea7a8d2b43	0
26379a683bcf39823bab57072b2a650d	0
25e23240014c5958974265f110099737	0
29e09c52d4d3e39ba78bf30fa67e78c8	0
5133475c5671fdece087f5db50c5bae5	0
2dde231ca86ea4c2f424954f19ab24c7	0
2abf0e93630cc4f52b4d1cdb9219b3c8	0
49ccad2ad190c4d9ca2a518b0a2a3f2d	0
2dd5c0d69b46524e1faa2ce277c3480d	0
4a994856d50e76e7a2eb7ac100f31568	0
4acec3fffb93f5252832e10a652fc7e4	0
4b318c9a4e2881bf62f3625c088e2a1e	0
4b5654f9cf058c2c129d2e8692cce6e2	0
2d79aaa28a4837279114e51ae96838e9	0
2d6e314bbb95fb4d897e86b5ccc83a68	0
2cf33935dab01daa05fe686b9305c491	0
2c86b90252a5f52611da5d2386df8204	0
2c50c687e6a895c10f0d65e0b7bbcd8c	0
4c76317c3c9ef9acf1ed5eb77535a3be	0
2bf20c1a5affb2c5d7d761e05fa9bfac	0
2be79f2ed6c71a0e7676f466e7b81477	0
2be497c1749a6004721dbe40407e5f47	0
4dc3483be22ca31ea0b7cbb971659156	0
4e1cb9ba7f50ca2cf4577da899e0408f	0
2bd7828d5cc1fc4670618077b1633e06	0
4f30ff7928de9868bbd4dc57533481bc	0
4f65c2b6890b48843db6105e1889d69d	0
4fa4e813379641f4b4dc9823a61049a4	0
1c29e48ff9d9a9f279da3314ef62eba6	0
1c1632d0bc11d8a11e67a45cc9d54cc7	0
1c027d834cf76b9b4f332eb1467232d7	0
a5488a8359e49ddc0769d694e50a48d9	0
a42e25f454f1c2f6adf39530a0730ba5	0
a472b1b36fb1a75145874c8bb5df3437	0
3aa6418f10a78abe193e8267d8c0abe4	0
a4c55d3d0dc35c9c2bd2a459ae8d67fb	0
a4e67a30b48c235873086f09550aeaaf	0
a4fa4428ad67d150c83f9cff8bfdf830	0
a50614f5c870da556e1c85ff9063b085	0
a50b4ea6c6e4a60acf13acad5e7f4d9e	0
a5113e83e0ecfa054203579920899d9d	0
a52dcd25adbfbfc01ceeb69197beec8a	0
a54a3b66fa01a118cedc08bc95990ad1	0
9ebf01d352b148cec621cee407fbae02	0
a560d190bfb5c5fdebf3229760e89af2	0
12c079e8036aa72185b47057e12132f1	0
a5896ab94a1da92b0f1ee8679fe68e3e	0
12b4cc2914e4759a3d9fa3cacf98c9d0	0
a5f89e6953dea21fcbefdfd95b8935e2	0
a6175b28f6b098a00fe3d8b7db9d1e6c	0
a63c04774b5043c22fc2e3c96f582781	0
a6d1fbd138c61e838f61fc083acfab58	0
127f49228a23fd11212a3b466fad5daa	0
a759ae3ec9bea58a35244c086bb739e3	0
a422f252dffdc5f76ab4755b645f76e5	0
1338c1e81c25da11af105d89f0004bdf	0
134ce07cb3523e111fb01b8d0ab33c31	0
a3604a615234b01d9a5486c06f7d8182	0
1560182afa9aac96c89ed2bbf74d53a4	0
9faae2cd161b3bb13305e6e17fcb75f0	0
140e182a6a425f8407e2f7df12e2dedd	0
a03697b6f0e24b8236361e7ac144134a	0
140760ed94cc79688d0b3d0d447a1ffc	0
a04caa9be6e29ada3f14f1f26d4246eb	0
a07be190b3833b3c73bfd7516bc3a949	0
a07f66a216dbe11bfcde6727eb3d3ed5	0
a0a1b30483aa9140070a21402cf57640	0
a0ee867c373da16e05fc4f7374ffc599	0
a0f5c9ebf98f6eda077e86698307633b	0
13eed3e1f5575c19c8c4fdbdd04145fc	0
a1437da1eeb54ed3ed2bd7152961d6ad	0
a1ab1529832865afd95a12b47cca6944	0
a1d8041d8bd9a8fc3252278016928b36	0
a1f8be68fe04fc3e40c6105b73a2801d	0
a210929d33639f79c423d4aac60093c5	0
a259c4db963105526926ab56783fa318	0
a3304b25ad92a7d7c841ec232aaf2671	0
137e3afb9916d6a355195cb8cc662485	0
a3539f25a0391292fc8f3cf47f55bb56	0
a75c2e80c6878171edbaed5a718c3c8c	0
a76af0aa920bf90b5c5c26aa02791afb	0
a7b2d1116c36e669ebd67c5b9272ae5b	0
ac4551385d43d63a896db039d6d49f56	0
ad5f318451ab62af60878fe267547f2e	0
ad781e0a03da021d42f68a0be4951ece	0
af5d999e2af3d8e233e2af559642a9b8	0
afc6e56bfb0003f0a48902fd9501b194	0
10f6a4100f21eb240e4d85c3e37d9c97	0
b096b9070b22d7e711c64dab222571c9	0
10eb861e7624bf2139a21f8e335f2d06	0
10eab85ecc6f322b353bcc0997a4b63f	0
b1c999d06d3a431d7ca4b971fe77e632	0
b20f309b7d911a0c0c325e607f27a613	0
b28434eedcae21bb999f36ba886879e2	0
109ba883e7a82d2fc23e49aea839cc60	0
0fff96375ba597ec4f08849d9babf2cc	0
b341fe47d5fda8a3746eb4399ad030fa	0
b35b4ef6009f74731eb0b8fbf258b618	0
b37f8cc3de64eea693264110e42a5774	0
0f7bb75bf9a48d29635ea8ba9e77e0f3	0
b6b75b0990e6ff0f56c9adbbeefa2c10	0
0f57f2e2c6630ec8226cce8e2ceb8d80	0
b7026780df07700d3b1d3ef2eda503c9	0
0f0bcc023845d4966e30d2557876897e	0
acd7713b5b20a413d447413f053fd278	0
1108c6d2a404a2ccf22959d77f657fa3	0
120ff6c5a456b0c7eb65d996bc97db4b	0
abd2567a765be317f9761f4f6b620233	0
a84c58dfd67948ac225800ff3671319f	0
11f7b57ad37a972f872f077d0faebb67	0
a85e2456187b64d4c8a4d9d6e797e1c1	0
a8aa44c41276807809e522ded4ddc4ef	0
a8d8cf050fdf2053350fd87729b851dd	0
a90aecb72fa0310d7383c6b9ba1d562b	0
a92865591ba2cade44c458982c040185	0
a969f6b84ac76c226df964908bc09dba	0
a9acd3bbde2f5c53e970474fab126512	0
11ab2d2d437e5df445639bd649a1f527	0
a9be790d8f28db1244dc999c6d384f85	0
116e8403e587d5fe6868d47f061cd19c	0
aaf8210f5c8f27c613c7b7d9192f36c6	0
113f1904f0c6362986c5440d386e4829	0
ab0f257b4190ca22853a6e950196e6fb	0
ab23801821cf0290f7e1de4a68bc7817	0
ab6d65fc34d2690120f98235d2ab1385	0
ab6daf1f4a28106359200974cc9d82f9	0
aba20c2e2209fe5ea13f13de7eb3c7ce	0
abc72c9028568af646cfa263433903c7	0
abcd256d6e1031adb2dec138923c3ba4	0
9ee71941283e046b634f030f1647544e	0
9ebd84cd525c158ed9c0ad4e4a5a2147	0
8647558fefd5db7bc9a320b06f268dbc	0
18983823b1dfbbd2080ee3b0148e4a43	0
8d41dbead5080c5a4fb3369958dd68e7	0
8d57c2f808ec3977c34d31b063c8819e	0
8d5cb8062f9ced479682ef72229c8aee	0
192763eea80cb7bcca796bc398e84b00	0
19188f1980cfacbfa969b83fb07027c2	0
1916e23c954d9a726d676f9a27d2b85b	0
8e9ed1a3d87967862673e87d05c5195e	0
8eab4fb74bd5116bcc08b5e917601169	0
8fce05c69bb06e6f04371e041e8940d0	0
18c1af25181606ce24f86ad278f8d9b4	0
1865923f88aed61b5e6d4aa41255330f	0
9ea47a762084dcfb2cce4ac918c5cef2	0
180dcf13e1d76c6bb3526a7cb865f176	0
17e4986548993019e5a8969e848b87bf	0
92acc423728892882baaac07945e7ca0	0
9349a5678d397f9d937e941fa3ec3a35	0
935170dea32c59ca7e466bc2ec3ae720	0
93af90d6396c8de62c8e1f314baf2888	0
93bd9c3d1079cf42cccd832bc5bfcf2b	0
17df2b72bb1addec09eb493231b1071a	0
17daae4d71ef51f404cf93848afdb437	0
17a7778195d800a8ed7151cc22744e0e	0
8d3a4a8098641bfc4f6a43c34cde1ffe	0
8d395baae2f265679ff7f0e837df6c1a	0
19f70c31fb8a17dfb3e136d4ea922998	0
1a11512832fdbe24a0c89820d34740c4	0
868391b54c295ffa4c2074a6de2a5e4b	0
87621b075517a72591174567c4eda84d	0
8798c545e6b1bc3b07f82de8148206e9	0
1beb0f6c036c7b377d7b28ffaf2c0fc7	0
87a19a70a727cae58d6f1f3cd9cecff7	0
1b719da20e5d7125227ea5273f26362f	0
8843f11b1688d135c7ba95e5ca657a78	0
1b318e9cd371bf736f5d712aa0c5d7d7	0
1b2cf26232cbc54cdb6f14857d98eee3	0
1afac29097cbcd29fcc0094fc2cc86e0	0
893cff9a776149304c541a619a4cc328	0
1ab05cf36d1b4913bff3c5e6de7d3c8c	0
1aa53c8d2cf7a84c65fb40783dc0d1dc	0
89ecf30add8a5cd0b29072068ad38943	0
89f34bd26626a680d456f68d600a9ed3	0
1a761bc73c51e5ed6c8a5e89bf5f81e4	0
1a756e2c57d6e0cba35c01e452c4dcf4	0
8b41a9837fe2ccd01ce023c9faaa6262	0
8be68fbb10fbcadee9bf74e97ba69848	0
1a372933b9859c7b268fbb6535d22425	0
8c3fac0bfd91e52c4b44b2349a8b5fcd	0
94ce883667214101c43e0a1969d877ae	0
16f0f6572e37f771600adb84eee27d83	0
95831a916bd15d92e81b000bfd48d777	0
9abbe51d4fde81fdebd43debf00a242c	0
9b065dab3e3efb941e1188804782a103	0
9c2f04174791219302d06a1602ec7d28	0
9cf15260137e57a8bdfcc1191fe2e91b	0
9d059310380c2c7728d4950a5019275e	0
15e49190131624a8e4a221ca5b89ddd1	0
9d33e77e96e8e110e77e3f87dc11b56e	0
15dec8e563d98871035c14113d0a6cbc	0
9d4a6e1d52bf9e820ab40e2f9bfcc409	0
9d6d1c529fb74ad54d65fffec28d85d8	0
9d753165077e905b0eb06be5af4680fb	0
9d8e8049d10efc9f6c11ace885b86f94	0
9dd5b6b32627007f56f0f472d1d4a039	0
9df53b0422f602e4132e29b37613117d	0
9e0f39d47d4b717bedb991c9fa075b22	0
9e19148baaa4dc386bb5c248bd317ed2	0
9e353febf522a9e50349c8b5d2d52140	0
15d4c7f5e996e1ca19e0c714f164063a	0
9e62246e907f45787a24224787a49d7e	0
9e890e2741aee3be47411dfd48852a58	0
9e9b8854bdce0903761e2f82951c1dbc	0
9ea3874c8cf310d5e7816a1190a0d689	0
9afc19431f1b0c8cfde826765a20a2eb	0
9aa9600530f8dcaa41c712701b36d055	0
9591ed71e53378fa31e47207c59be5c8	0
9a8344100de45518d8bc0e88b3323425	0
95f8821bf2489bee20ea52ee2d96bd32	0
960b5930c77e5549596470e921ad392b	0
9622d99a6ed1c4ce40dcf76c86f8990b	0
96751df5bd4e37f57c7ae9205c0c4abb	0
9678b31aea2391ec74b15c59fdbfe082	0
96988c38c2bb0b6a9b59d6eb30d7fbd5	0
9699be51d2347801e1c94c78cf3fba4f	0
96a48b47619a81097f7d13dab2425fd7	0
96f6434257c13ea6b3564870f0974ebe	0
97142229a21360f26fef6f1c5899d26f	0
97693d36566fe731410eba63dd38c840	0
976b4c0eb1228278a79cbd5e5f6ac0f2	0
977eac2fbddaf16b3035a4d641ac785a	0
97a56c9073f15db99739fba4d6713968	0
16e391f9ebf728fd903150d3832ffa9b	0
9826b13946c4aaafb07df24ef5fe4073	0
982957db76a5f1586b79395fd8027989	0
9989232975c7de529a378f52176dd07b	0
9998ac5509ed1540f8d2554095494ded	0
16bb0fb0f15177e4366b7ab937b45596	0
16a28906dfaae35ae9bb39cac2cc28ff	0
a4a41570b64dabb9a31cbcbb4d1acac3	0
